ETF_Id,Ticker_Symbol,Weight
0050,2330,55.5
0050,2454,5.24
0050,2317,4.4
0050,2308,1.97
0050,2881,1.75
0050,2891,1.63
0050,2382,1.52
0050,2882,1.42
0050,2303,1.33
0050,2412,1.24
0050,2886,1.19
0050,3711,1.17
0050,2884,1.1
0050,2357,1.1
0050,1216,0.98
0050,2885,0.96
0050,3034,0.79
0050,2345,0.73
0050,2892,0.72
0050,2883,0.68
0050,2890,0.67
0050,3231,0.66
0050,2002,0.64
0050,2880,0.64
0050,2379,0.63
0050,5880,0.62
0050,2603,0.6
0050,2327,0.58
0050,3008,0.56
0050,1101,0.54
0050,3661,0.53
0050,2887,0.51
0050,2207,0.5
0050,2301,0.49
0050,4938,0.45
0050,5871,0.44
0050,3045,0.44
0050,2395,0.43
0050,6669,0.43
0050,5876,0.42
0050,4904,0.41
0050,1303,0.39
0050,3017,0.37
0050,1301,0.35
0050,2609,0.33
0050,2912,0.33
0050,6446,0.33
0050,3037,0.3
0050,2615,0.28
0050,6505,0.13
0051,2888,2.98
0051,2383,2.4
0051,2324,1.88
0051,2474,1.84
0051,2801,1.81
0051,2376,1.81
0051,6415,1.8
0051,1102,1.66
0051,1590,1.66
0051,2360,1.64
0051,3481,1.63
0051,2377,1.61
0051,2618,1.59
0051,2356,1.58
0051,2059,1.49
0051,6409,1.49
0051,2353,1.48
0051,3533,1.46
0051,3653,1.46
0051,2449,1.42
0051,2385,1.41
0051,1402,1.4
0051,2347,1.38
0051,2409,1.37
0051,3044,1.37
0051,3443,1.35
0051,2105,1.34
0051,3702,1.33
0051,2834,1.28
0051,3665,1.28
0051,1326,1.27
0051,1476,1.27
0051,2027,1.27
0051,6919,1.25
0051,6239,1.17
0051,9904,1.14
0051,2542,1.13
0051,2812,1.13
0051,6176,1.13
0051,2371,1.11
0051,5269,1.1
0051,2404,1.07
0051,2049,1.01
0051,2354,0.99
0051,4958,0.96
0051,2610,0.94
0051,1477,0.93
0051,1605,0.9
0051,2313,0.9
0051,2368,0.9
0051,1229,0.87
0051,1319,0.87
0051,9910,0.85
0051,1513,0.84
0051,1504,0.83
0051,1519,0.83
0051,3036,0.82
0051,2633,0.81
0051,9945,0.79
0051,2344,0.79
0051,3023,0.79
0051,8464,0.79
0051,6285,0.74
0051,3706,0.73
0051,3035,0.7
0051,6770,0.7
0051,2809,0.67
0051,3005,0.64
0051,9921,0.64
0051,2408,0.63
0051,2006,0.61
0051,2206,0.61
0051,1503,0.6
0051,4763,0.6
0051,6472,0.6
0051,2352,0.59
0051,1907,0.54
0051,2915,0.54
0051,1722,0.54
0051,6890,0.52
0051,6531,0.48
0051,3406,0.48
0051,2845,0.46
0051,1795,0.42
0051,9917,0.41
0051,9941,0.39
0051,8454,0.39
0051,2201,0.35
0051,2539,0.33
0051,6526,0.32
0051,6789,0.32
0051,1802,0.31
0051,8046,0.31
0051,5522,0.29
0051,6781,0.29
0051,2540,0.21
0051,6592,0.21
0051,2646,0.19
0051,4583,0.12
0052,2330,65.39
0052,2454,6.15
0052,2317,5.21
0052,2382,1.78
0052,2303,1.57
0052,3711,1.38
0052,2357,1.28
0052,3034,0.93
0052,3231,0.77
0052,2379,0.74
0052,2327,0.69
0052,3008,0.66
0052,3661,0.63
0052,2301,0.58
0052,2395,0.51
0052,4938,0.51
0052,6669,0.5
0052,2383,0.49
0052,3017,0.44
0052,2324,0.39
0052,2474,0.38
0052,6415,0.37
0052,2376,0.37
0052,3037,0.36
0052,3481,0.34
0052,2377,0.33
0052,2356,0.32
0052,2353,0.3
0052,2385,0.3
0052,3533,0.3
0052,3653,0.3
0052,2449,0.29
0052,3044,0.29
0052,2347,0.29
0052,3443,0.28
0052,2409,0.28
0052,3702,0.27
0052,3665,0.26
0052,6239,0.25
0052,6176,0.24
0052,5269,0.22
0052,4958,0.2
0052,2354,0.2
0052,2313,0.19
0052,2368,0.18
0052,3036,0.17
0052,2344,0.16
0052,3706,0.15
0052,3035,0.14
0052,6770,0.14
0052,2408,0.13
0052,3005,0.13
0052,2352,0.12
0052,6531,0.1
0052,3406,0.1
0052,6526,0.07
0052,6789,0.07
0052,8046,0.06
0053,2330,51.51
0053,2454,5.59
0053,2317,4.13
0053,2308,2.77
0053,2412,2.19
0053,2382,1.9
0053,3711,1.4
0053,2303,1.32
0053,2357,0.97
0053,3045,0.89
0053,2345,0.78
0053,3034,0.72
0053,6669,0.7
0053,2395,0.66
0053,3008,0.64
0053,3231,0.61
0053,4904,0.57
0053,2379,0.53
0053,2301,0.52
0053,4938,0.47
0053,2059,0.44
0053,3443,0.43
0053,2383,0.4
0053,3533,0.4
0053,2376,0.38
0053,3017,0.38
0053,2327,0.37
0053,2474,0.33
0053,2356,0.32
0053,2324,0.31
0053,2377,0.3
0053,3037,0.3
0053,6415,0.28
0053,2347,0.28
0053,2360,0.27
0053,2385,0.26
0053,2408,0.24
0053,3450,0.24
0053,2353,0.24
0053,3481,0.24
0053,2368,0.24
0053,3044,0.23
0053,3702,0.23
0053,2409,0.22
0053,3653,0.22
0053,4958,0.21
0053,3665,0.21
0053,2449,0.2
0053,5269,0.2
0053,6239,0.19
0053,2354,0.19
0053,2404,0.19
0053,6285,0.18
0053,3617,0.18
0053,2344,0.17
0053,3005,0.17
0053,6176,0.17
0053,3023,0.17
0053,6781,0.17
0053,3706,0.15
0053,2313,0.15
0053,6409,0.15
0053,3376,0.14
0053,8046,0.14
0053,2352,0.13
0053,3036,0.13
0053,2393,0.12
0053,3406,0.12
0053,6412,0.12
0053,5434,0.12
0053,3019,0.11
0053,6191,0.11
0053,6214,0.11
0053,3035,0.1
0053,6257,0.1
0053,3563,0.1
0053,3596,0.1
0053,2388,0.09
0053,2451,0.09
0053,2458,0.09
0053,3189,0.09
0053,6531,0.09
0053,3022,0.09
0053,6166,0.09
0053,2402,0.09
0053,2421,0.09
0053,2492,0.09
0053,2329,0.08
0053,2337,0.08
0053,3014,0.08
0053,8081,0.08
0053,6579,0.08
0053,3454,0.08
0053,6278,0.08
0053,1582,0.08
0053,6282,0.08
0053,8070,0.08
0053,2464,0.08
0053,3532,0.07
0053,3592,0.07
0053,6770,0.07
0053,6206,0.07
0053,5234,0.07
0053,2450,0.07
0053,2328,0.07
0053,3042,0.07
0053,3090,0.07
0053,5469,0.07
0053,2441,0.06
0053,3413,0.06
0053,4919,0.06
0053,4961,0.06
0053,6271,0.06
0053,2397,0.06
0053,3515,0.06
0053,6414,0.06
0053,2455,0.06
0053,2428,0.06
0053,3015,0.06
0053,2481,0.05
0053,8016,0.05
0053,6230,0.05
0053,8114,0.05
0053,8210,0.05
0053,4942,0.05
0053,2498,0.05
0053,2355,0.05
0053,2472,0.05
0053,3026,0.05
0053,6213,0.05
0053,6269,0.05
0053,6139,0.05
0053,2401,0.04
0053,3006,0.04
0053,4968,0.04
0053,6719,0.04
0053,8110,0.04
0053,8150,0.04
0053,2387,0.04
0053,2405,0.04
0053,2489,0.04
0053,3714,0.04
0053,6456,0.04
0053,4906,0.04
0053,6416,0.04
0053,3003,0.04
0053,4994,0.04
0053,2459,0.04
0053,2340,0.03
0053,2351,0.03
0053,2369,0.03
0053,2436,0.03
0053,3016,0.03
0053,3545,0.03
0053,6202,0.03
0053,8028,0.03
0053,2467,0.03
0053,2478,0.03
0053,6153,0.03
0053,6715,0.03
0053,8213,0.03
0053,2480,0.03
0053,2373,0.03
0053,6196,0.03
0053,8021,0.03
0053,5471,0.02
0053,6756,0.02
0053,2426,0.02
0053,3049,0.02
0053,3576,0.02
0053,6168,0.02
0053,6706,0.02
0053,2439,0.02
0053,5388,0.02
0053,2375,0.02
0053,2476,0.02
0053,4915,0.02
0053,3010,0.02
0053,6281,0.02
0053,6183,0.02
0053,3030,0.02
0053,2338,0.01
0053,2363,0.01
0053,5285,0.01
0053,8131,0.01
0053,2362,0.01
0053,6277,0.01
0053,8163,0.01
0053,3059,0.01
0053,3504,0.01
0053,3380,0.01
0053,3704,0.01
0053,2367,0.01
0053,2392,0.01
0053,2457,0.01
0053,6115,0.01
0053,8039,0.01
0053,3048,0.01
0053,6189,0.01
0053,8112,0.01
0055,2881,12.83
0055,2891,12.02
0055,2882,10.66
0055,2886,8.65
0055,2884,7.56
0055,2885,6.33
0055,2892,5.55
0055,2883,5.0
0055,5880,4.68
0055,2880,4.5
0055,2890,4.38
0055,2887,3.67
0055,2888,3.25
0055,5876,3.2
0055,5871,2.34
0055,2801,2.0
0055,2834,1.83
0056,2603,4.37
0056,3034,4.08
0056,2303,3.73
0056,2379,3.49
0056,2357,3.45
0056,2891,3.37
0056,2454,3.13
0056,2880,3.09
0056,2618,2.83
0056,2609,2.71
0056,2886,2.66
0056,5876,2.61
0056,2885,2.59
0056,4938,2.49
0056,2383,2.46
0056,3711,2.35
0056,2105,2.3
0056,2301,2.28
0056,1102,2.26
0056,2382,2.12
0056,2890,2.05
0056,2376,2.04
0056,2356,1.95
0056,2474,1.9
0056,2324,1.85
0056,2377,1.83
0056,3231,1.82
0056,2385,1.6
0056,2347,1.53
0056,2317,1.45
0056,2449,1.43
0056,2353,1.42
0056,1504,1.41
0056,2027,1.41
0056,3036,1.41
0056,3702,1.36
0056,1303,1.35
0056,3044,1.29
0056,4958,1.29
0056,6239,1.12
0056,1477,1.01
0056,6176,0.99
0056,1319,0.98
0056,4763,0.93
0056,3005,0.93
0056,6285,0.87
0056,2006,0.68
0056,5871,0.58
0056,9941,0.4
0056,2542,0.07
0057,2330,50.78
0057,2454,4.71
0057,2317,4.06
0057,2881,1.56
0057,2308,1.56
0057,2891,1.46
0057,2382,1.35
0057,2882,1.3
0057,2303,1.12
0057,2412,1.09
0057,2886,1.05
0057,3711,1.05
0057,2357,0.96
0057,2884,0.92
0057,1216,0.87
0057,2885,0.77
0057,3034,0.7
0057,2892,0.68
0057,2345,0.65
0057,2883,0.61
0057,2002,0.59
0057,3231,0.58
0057,5880,0.57
0057,2379,0.57
0057,2880,0.55
0057,2603,0.53
0057,2890,0.53
0057,3008,0.53
0057,8069,0.51
0057,1101,0.48
0057,3661,0.47
0057,3045,0.47
0057,2887,0.45
0057,2327,0.44
0057,3293,0.44
0057,2301,0.43
0057,2207,0.41
0057,6669,0.41
0057,2888,0.4
0057,2395,0.4
0057,5876,0.39
0057,5871,0.39
0057,4938,0.37
0057,4904,0.36
0057,2383,0.36
0057,1301,0.34
0057,1303,0.34
0057,3017,0.33
0057,2912,0.32
0057,3529,0.32
0057,2324,0.3
0057,2609,0.29
0057,2376,0.29
0057,2474,0.29
0057,6446,0.28
0057,6415,0.28
0057,3037,0.28
0057,1590,0.26
0057,2377,0.26
0057,3481,0.26
0057,3533,0.26
0057,2356,0.25
0057,1102,0.24
0057,2618,0.24
0057,2801,0.24
0057,2353,0.23
0057,1402,0.22
0057,2834,0.22
0057,3702,0.22
0057,6409,0.22
0057,5347,0.21
0057,1326,0.2
0057,2105,0.2
0057,3443,0.2
0057,2409,0.2
0057,2347,0.2
0057,1476,0.19
0057,3653,0.19
0057,6488,0.19
0057,9904,0.17
0057,2610,0.15
0057,4958,0.15
0057,8464,0.15
0057,1519,0.14
0057,9910,0.13
0057,2615,0.12
0057,2633,0.12
0057,9945,0.12
006203,2330,50.84
006203,2454,4.82
006203,2317,3.91
006203,2881,1.58
006203,2308,1.58
006203,2891,1.47
006203,2382,1.36
006203,2882,1.31
006203,2303,1.13
006203,2412,1.09
006203,2886,1.06
006203,3711,1.06
006203,2357,0.98
006203,2884,0.93
006203,1216,0.87
006203,2885,0.78
006203,3034,0.72
006203,2892,0.68
006203,2345,0.68
006203,2883,0.61
006203,2002,0.59
006203,3231,0.58
006203,5880,0.57
006203,2379,0.57
006203,2880,0.56
006203,2890,0.54
006203,3008,0.54
006203,2603,0.52
006203,8069,0.51
006203,3661,0.5
006203,1101,0.49
006203,3045,0.48
006203,2887,0.45
006203,2207,0.44
006203,2301,0.43
006203,3293,0.43
006203,6669,0.42
006203,2888,0.41
006203,2395,0.4
006203,5876,0.39
006203,4938,0.38
006203,4904,0.36
006203,3529,0.34
006203,3017,0.33
006203,2327,0.33
006203,2383,0.33
006203,2912,0.32
006203,5871,0.31
006203,2324,0.3
006203,2376,0.3
006203,2474,0.3
006203,2609,0.29
006203,6446,0.29
006203,6415,0.29
006203,1590,0.28
006203,3037,0.28
006203,1303,0.27
006203,2377,0.26
006203,2618,0.25
006203,2356,0.25
006203,3533,0.25
006203,1102,0.24
006203,1301,0.24
006203,2801,0.24
006203,2834,0.23
006203,2353,0.23
006203,3702,0.23
006203,6409,0.23
006203,1402,0.22
006203,3443,0.22
006203,1476,0.21
006203,5347,0.21
006203,2105,0.2
006203,3481,0.2
006203,2347,0.2
006203,6488,0.2
006203,3653,0.19
006203,1326,0.16
006203,8464,0.16
006203,1519,0.15
006203,2610,0.15
006203,2409,0.15
006203,4958,0.15
006203,9904,0.14
006203,9910,0.13
006203,2615,0.12
006203,2633,0.12
006203,9945,0.12
006204,2330,34.07
006204,2454,4.2
006204,2317,3.44
006204,2881,2.16
006204,2412,1.88
006204,2308,1.77
006204,2882,1.7
006204,2382,1.64
006204,2891,1.46
006204,2303,1.18
006204,3711,1.18
006204,2886,1.09
006204,2603,0.88
006204,2884,0.87
006204,1216,0.85
006204,2357,0.85
006204,2885,0.82
006204,3045,0.77
006204,2880,0.72
006204,2892,0.72
006204,5880,0.69
006204,6505,0.66
006204,2002,0.65
006204,2207,0.63
006204,3034,0.63
006204,2395,0.61
006204,2345,0.61
006204,3008,0.59
006204,4904,0.57
006204,2883,0.55
006204,6669,0.54
006204,2890,0.53
006204,3231,0.52
006204,2379,0.51
006204,2609,0.49
006204,2912,0.49
006204,2327,0.46
006204,1301,0.44
006204,1101,0.43
006204,1303,0.43
006204,2887,0.42
006204,4938,0.42
006204,2615,0.41
006204,2618,0.41
006204,5876,0.41
006204,2301,0.41
006204,2801,0.38
006204,2888,0.36
006204,2383,0.34
006204,1402,0.33
006204,2105,0.31
006204,1102,0.29
006204,1326,0.29
006204,2356,0.29
006204,2376,0.29
006204,3533,0.29
006204,3443,0.27
006204,2324,0.27
006204,3037,0.27
006204,2474,0.27
006204,2610,0.26
006204,2377,0.26
006204,2834,0.25
006204,3017,0.25
006204,3653,0.25
006204,6409,0.25
006204,1519,0.24
006204,2385,0.24
006204,1476,0.23
006204,2027,0.23
006204,5269,0.23
006204,3481,0.23
006204,2360,0.23
006204,2408,0.22
006204,2059,0.22
006204,3376,0.22
006204,2347,0.22
006204,9910,0.22
006204,8464,0.22
006204,2812,0.21
006204,1504,0.2
006204,2449,0.2
006204,2353,0.2
006204,2409,0.2
006204,3702,0.2
006204,9904,0.2
006204,9945,0.19
006204,2368,0.19
006204,6805,0.19
006204,1605,0.17
006204,2542,0.17
006204,6239,0.17
006204,2354,0.17
006204,8454,0.17
006204,1229,0.16
006204,2049,0.16
006204,2371,0.16
006204,2204,0.16
006204,6176,0.16
006204,3036,0.16
006204,2404,0.16
006204,3044,0.15
006204,1477,0.14
006204,1503,0.14
006204,1319,0.14
006204,2633,0.13
006204,2838,0.13
006204,2344,0.13
006204,6789,0.13
006204,3005,0.13
006204,3706,0.13
006204,2313,0.13
006204,1513,0.12
006204,2539,0.12
006204,2915,0.12
006204,6415,0.12
006204,6770,0.12
006204,8046,0.12
006204,2206,0.11
006204,2845,0.11
006204,9941,0.11
006204,2352,0.11
006204,6285,0.11
006204,3023,0.11
006204,1210,0.1
006204,2006,0.1
006204,5522,0.1
006204,2606,0.1
006204,2809,0.1
006204,6005,0.1
006204,9917,0.1
006204,1795,0.1
006204,3035,0.1
006204,9921,0.1
006204,1907,0.09
006204,2504,0.09
006204,2540,0.09
006204,2634,0.09
006204,2889,0.09
006204,6592,0.09
006204,1722,0.09
006204,3596,0.09
006204,6412,0.09
006204,5434,0.09
006204,8112,0.09
006204,6670,0.09
006204,1802,0.08
006204,2201,0.08
006204,9939,0.08
006204,2451,0.08
006204,2458,0.08
006204,3406,0.08
006204,2492,0.08
006204,9914,0.08
006204,2015,0.07
006204,2211,0.07
006204,9958,0.07
006204,1808,0.07
006204,2855,0.07
006204,2337,0.07
006204,2388,0.07
006204,3189,0.07
006204,6257,0.07
006204,4915,0.07
006204,6214,0.07
006204,1227,0.06
006204,1434,0.06
006204,1609,0.06
006204,2014,0.06
006204,2023,0.06
006204,2101,0.06
006204,2607,0.06
006204,2903,0.06
006204,9933,0.06
006204,1717,0.06
006204,1773,0.06
006204,8926,0.06
006204,2441,0.06
006204,3532,0.06
006204,4919,0.06
006204,6414,0.06
006204,8210,0.06
006204,6278,0.06
006204,2498,0.06
006204,5388,0.06
006204,6191,0.06
006204,6196,0.06
006204,1314,0.05
006204,2106,0.05
006204,2707,0.05
006204,2897,0.05
006204,9907,0.05
006204,6491,0.05
006204,2363,0.05
006204,6531,0.05
006204,3714,0.05
006204,3042,0.05
006204,5469,0.05
006204,8996,0.04
006204,1904,0.04
006204,2227,0.04
006204,2548,0.04
006204,2849,0.04
006204,1723,0.04
006204,6271,0.04
006204,6526,0.04
006204,8016,0.04
006204,8150,0.04
006204,3515,0.04
006204,6116,0.04
006204,2455,0.04
006204,2421,0.04
006204,6213,0.04
006204,6269,0.04
006204,6282,0.04
006204,1905,0.03
006204,2520,0.03
006204,2530,0.03
006204,6446,0.03
006204,3665,0.03
006204,6691,0.03
006204,8478,0.03
006204,2524,0.02
006204,2597,0.02
006204,2637,0.02
006204,4766,0.02
006204,2329,0.02
006204,2393,0.02
006204,2457,0.02
006204,6605,0.01
006204,2501,0.01
006204,3703,0.01
006204,5534,0.01
006204,2362,0.01
006204,6230,0.01
006204,4958,0.01
006204,8070,0.01
006204,3030,0.01
006204,6139,0.01
006208,2330,55.45
006208,2454,5.19
006208,2317,4.4
006208,2308,1.96
006208,2881,1.75
006208,2891,1.63
006208,2382,1.5
006208,2882,1.42
006208,2303,1.32
006208,2412,1.23
006208,2886,1.19
006208,3711,1.17
006208,2884,1.1
006208,2357,1.08
006208,1216,0.97
006208,2885,0.96
006208,3034,0.79
006208,2345,0.73
006208,2892,0.72
006208,2883,0.68
006208,2890,0.66
006208,3231,0.65
006208,2002,0.64
006208,2880,0.64
006208,2379,0.63
006208,5880,0.62
006208,2603,0.6
006208,2327,0.58
006208,3008,0.56
006208,1101,0.54
006208,3661,0.53
006208,2887,0.51
006208,2207,0.49
006208,2301,0.49
006208,5871,0.44
006208,3045,0.44
006208,2395,0.43
006208,4938,0.43
006208,6669,0.43
006208,5876,0.42
006208,4904,0.41
006208,1303,0.39
006208,3017,0.37
006208,1301,0.34
006208,2609,0.33
006208,2912,0.33
006208,6446,0.33
006208,3037,0.3
006208,2615,0.28
006208,6505,0.13
00690,2330,30.95
00690,2454,16.19
00690,2881,6.51
00690,2308,5.87
00690,2412,5.02
00690,2303,4.03
00690,2603,3.32
00690,3034,2.41
00690,2379,1.91
00690,3008,1.73
00690,4904,1.72
00690,2327,1.71
00690,5876,1.58
00690,3661,1.57
00690,2395,1.42
00690,5871,1.33
00690,2383,1.32
00690,2474,1.01
00690,3533,1.0
00690,1102,0.92
00690,3037,0.92
00690,1590,0.87
00690,6409,0.83
00690,3653,0.78
00690,2449,0.76
00690,3443,0.71
00690,6239,0.66
00690,1476,0.63
00690,5269,0.47
00690,1229,0.43
00692,2330,49.4
00692,2454,4.66
00692,2317,4.25
00692,2881,2.44
00692,2412,2.09
00692,2308,1.96
00692,2882,1.88
00692,2382,1.82
00692,2891,1.62
00692,3711,1.32
00692,2886,1.24
00692,2303,1.17
00692,2603,1.0
00692,2884,0.96
00692,2357,0.95
00692,2885,0.91
00692,3045,0.91
00692,2880,0.8
00692,2892,0.79
00692,5880,0.77
00692,6505,0.73
00692,2207,0.7
00692,3034,0.69
00692,2395,0.68
00692,4904,0.68
00692,6669,0.64
00692,2890,0.59
00692,3231,0.58
00692,2912,0.55
00692,1101,0.51
00692,1301,0.49
00692,2887,0.47
00692,4938,0.47
00692,2618,0.46
00692,5876,0.46
00692,2301,0.45
00692,2801,0.42
00692,5871,0.41
00692,1402,0.37
00692,1102,0.35
00692,1326,0.32
00692,2356,0.32
00692,3037,0.3
00692,3443,0.29
00692,2834,0.28
00692,6409,0.28
00692,2385,0.27
00692,9910,0.25
00692,3036,0.23
00692,1504,0.22
00692,3044,0.22
00692,3702,0.22
00692,9904,0.22
00692,4958,0.21
00692,2371,0.2
00692,3665,0.2
00692,1605,0.19
00692,8454,0.18
00692,1477,0.16
00692,2633,0.15
00692,3005,0.15
00692,2838,0.14
00692,6285,0.14
00692,3023,0.13
00692,2845,0.12
00692,9941,0.12
00692,2352,0.12
00692,2006,0.11
00692,2606,0.11
00692,2809,0.11
00692,2504,0.1
00692,2634,0.1
00692,6592,0.1
00692,5434,0.1
00692,2201,0.09
00692,2889,0.09
00692,4766,0.09
00692,2211,0.08
00692,2204,0.08
00692,6414,0.08
00692,2855,0.07
00692,9933,0.07
00692,3532,0.07
00692,5388,0.07
00692,6214,0.07
00692,1609,0.06
00692,6491,0.06
00692,8926,0.06
00692,2362,0.06
00692,2439,0.06
00692,3703,0.05
00692,6579,0.05
00692,6806,0.05
00692,9940,0.04
00692,1707,0.04
00692,9930,0.04
00692,2515,0.03
00692,4164,0.02
00692,3027,0.01
00692,6112,0.01
00701,2891,11.53
00701,2412,10.72
00701,2886,7.74
00701,2884,7.46
00701,1216,6.36
00701,2892,5.09
00701,2880,4.75
00701,2890,4.53
00701,3045,4.52
00701,2002,4.43
00701,5880,4.36
00701,4904,3.73
00701,1101,3.68
00701,2887,3.51
00701,5876,2.79
00701,2801,2.47
00701,1102,1.97
00701,2834,1.66
00701,2027,1.59
00701,2347,1.54
00701,2812,1.41
00701,2845,0.87
00701,2206,0.78
00701,2889,0.69
00701,1717,0.45
00701,2897,0.29
00701,1537,0.14
00701,2617,0.12
00701,9927,0.12
00701,1720,0.1
00713,3045,9.74
00713,1216,9.29
00713,4904,9.0
00713,2912,5.74
00713,2887,3.57
00713,2880,3.54
00713,2891,3.12
00713,2454,3.03
00713,2884,2.72
00713,9939,2.12
00713,6691,2.09
00713,2347,1.82
00713,9917,1.81
00713,2006,1.7
00713,5876,1.68
00713,2303,1.64
00713,2618,1.53
00713,3034,1.49
00713,3596,1.49
00713,4938,1.48
00713,2404,1.37
00713,6176,1.36
00713,2206,1.33
00713,1477,1.24
00713,5388,1.24
00713,5434,1.17
00713,2883,1.16
00713,4766,1.13
00713,6670,1.1
00713,6005,1.09
00713,2606,1.06
00713,2850,0.99
00713,2597,0.98
00713,1215,0.97
00713,2845,0.97
00713,2885,0.97
00713,1210,0.95
00713,2890,0.93
00713,6278,0.92
00713,4915,0.92
00713,2211,0.9
00713,2441,0.83
00713,2393,0.83
00713,6196,0.74
00713,8112,0.68
00713,2385,0.64
00713,6239,0.59
00713,3010,0.57
00713,9904,0.46
00713,3044,0.42
00728,2330,29.02
00728,2303,12.76
00728,3034,7.84
00728,3008,6.24
00728,2395,4.56
00728,2474,3.45
00728,2059,3.32
00728,3533,3.31
00728,1590,3.05
00728,2360,2.72
00728,3653,2.59
00728,5269,2.2
00728,1476,2.16
00728,2049,1.92
00728,1477,1.85
00728,1229,1.52
00728,2504,1.08
00728,1722,1.02
00728,2458,0.99
00728,2451,0.94
00728,6531,0.93
00728,3042,0.78
00728,2211,0.66
00728,4961,0.64
00728,8046,0.59
00728,6271,0.57
00728,2441,0.51
00728,6491,0.49
00728,1773,0.46
00728,4583,0.32
00730,3034,10.84
00730,2454,9.87
00730,2385,9.45
00730,3293,8.53
00730,2404,6.58
00730,1477,5.84
00730,6121,5.8
00730,5536,3.24
00730,6139,3.18
00730,6670,3.16
00730,8454,2.65
00730,3042,2.49
00730,6278,2.37
00730,6691,2.24
00730,2850,2.15
00730,5009,1.84
00730,4766,1.79
00730,8016,1.79
00730,3014,1.71
00730,5289,1.62
00730,4961,1.6
00730,3029,1.49
00730,3078,1.39
00730,8081,1.31
00730,1712,1.24
00730,4536,1.17
00730,6146,1.17
00730,2480,1.1
00730,5609,0.78
00730,5478,0.72
00731,2891,9.61
00731,2303,7.81
00731,2412,7.27
00731,2886,6.99
00731,2884,6.5
00731,1216,5.74
00731,3034,4.64
00731,2890,3.91
00731,2880,3.77
00731,2887,3.01
00731,2207,2.91
00731,5871,2.6
00731,3045,2.57
00731,4938,2.55
00731,5876,2.5
00731,4904,2.42
00731,2912,1.95
00731,2474,1.88
00731,1102,1.7
00731,2618,1.63
00731,2347,1.44
00731,1402,1.43
00731,2409,1.4
00731,2105,1.37
00731,1326,1.32
00731,6176,1.18
00731,1504,0.85
00731,2633,0.83
00731,9945,0.81
00731,6505,0.74
00731,2809,0.68
00731,2006,0.64
00731,2206,0.63
00731,2352,0.6
00731,1722,0.56
00731,2915,0.55
00731,2845,0.47
00731,9917,0.42
00731,8454,0.4
00731,6592,0.22
00731,3702,0.0
00733,2383,12.97
00733,3443,6.93
00733,5269,6.44
00733,2404,5.87
00733,2049,5.42
00733,2368,4.87
00733,2313,4.45
00733,3035,3.61
00733,3376,2.94
00733,3406,2.61
00733,2393,2.55
00733,3019,2.46
00733,3450,2.39
00733,6691,2.28
00733,6526,2.23
00733,6442,2.06
00733,6781,1.94
00733,3189,1.71
00733,6789,1.68
00733,8046,1.63
00733,6271,1.56
00733,3617,1.41
00733,1736,1.4
00733,5522,1.39
00733,2328,1.39
00733,8114,1.28
00733,9802,1.27
00733,2480,0.96
00733,4583,0.9
00733,2401,0.9
00733,2464,0.82
00733,3059,0.81
00733,4576,0.65
00733,2436,0.61
00733,2348,0.57
00733,2231,0.56
00733,2365,0.56
00733,4977,0.56
00733,2233,0.49
00733,3645,0.45
00733,1597,0.44
00733,5203,0.43
00733,4912,0.37
00733,2453,0.36
00733,8374,0.33
00733,3694,0.33
00733,6112,0.33
00733,2417,0.28
00733,4952,0.2
00733,2250,0.12
00850,2330,27.41
00850,2454,6.84
00850,2317,5.73
00850,2308,2.58
00850,2881,2.27
00850,2891,2.2
00850,2382,2.03
00850,2882,1.87
00850,2303,1.74
00850,2412,1.67
00850,2886,1.56
00850,3711,1.53
00850,2884,1.45
00850,2357,1.43
00850,1216,1.28
00850,2885,1.27
00850,3034,0.98
00850,2892,0.97
00850,2345,0.96
00850,2002,0.92
00850,2883,0.9
00850,2880,0.87
00850,2890,0.87
00850,2379,0.83
00850,2603,0.82
00850,5880,0.81
00850,3231,0.8
00850,3008,0.79
00850,1101,0.78
00850,2887,0.67
00850,2888,0.67
00850,2207,0.65
00850,2301,0.65
00850,2327,0.64
00850,3045,0.62
00850,2395,0.57
00850,6669,0.57
00850,2383,0.55
00850,4904,0.54
00850,4938,0.5
00850,5876,0.48
00850,3017,0.48
00850,2474,0.47
00850,1102,0.46
00850,2801,0.44
00850,2912,0.44
00850,2609,0.43
00850,2324,0.43
00850,2376,0.42
00850,2377,0.42
00850,6415,0.41
00850,3037,0.4
00850,1590,0.38
00850,2385,0.37
00850,2618,0.36
00850,2356,0.36
00850,1476,0.34
00850,2353,0.34
00850,3533,0.34
00850,6409,0.33
00850,1402,0.32
00850,2834,0.32
00850,2449,0.32
00850,1303,0.31
00850,2105,0.31
00850,3443,0.3
00850,3702,0.3
00850,1504,0.26
00850,2610,0.26
00850,6239,0.26
00850,2615,0.24
00850,5269,0.24
00850,2049,0.23
00850,2633,0.23
00850,5871,0.23
00850,1326,0.22
00850,4958,0.22
00850,1605,0.21
00850,9910,0.2
00850,2344,0.18
00850,8464,0.18
00850,6005,0.17
00850,1722,0.17
00850,9904,0.17
00850,2371,0.16
00850,9921,0.15
00850,2845,0.13
00850,2606,0.09
00850,9917,0.09
00850,1717,0.09
00850,2451,0.09
00850,2492,0.09
00850,8454,0.09
00850,6505,0.08
00850,1434,0.06
00850,2201,0.04
00850,8046,0.04
00850,2204,0.03
00850,3532,0.02
00878,3034,6.61
00878,2454,5.36
00878,2357,4.93
00878,2303,4.1
00878,2379,3.98
00878,3711,3.52
00878,2891,3.46
00878,5347,3.34
00878,2885,3.23
00878,5876,3.2
00878,4904,3.18
00878,2324,3.16
00878,2301,3.11
00878,3045,3.04
00878,2886,2.89
00878,2882,2.88
00878,2412,2.88
00878,2377,2.85
00878,3231,2.83
00878,1402,2.8
00878,2376,2.79
00878,2105,2.77
00878,2356,2.77
00878,2890,2.68
00878,1216,2.56
00878,2382,2.55
00878,1101,2.54
00878,2881,2.54
00878,2892,2.45
00878,3702,2.25
00881,2330,29.87
00881,2454,13.81
00881,2317,11.62
00881,2308,5.0
00881,2382,4.06
00881,2303,3.97
00881,3034,2.53
00881,2345,2.52
00881,3045,2.18
00881,3231,2.09
00881,2379,2.03
00881,3008,2.03
00881,4904,1.8
00881,2383,1.37
00881,4938,1.36
00881,3017,1.18
00881,2324,1.04
00881,2356,1.03
00881,6415,1.01
00881,2059,1.0
00881,3037,0.95
00881,2360,0.88
00881,2449,0.78
00881,3044,0.78
00881,3702,0.76
00881,5347,0.74
00881,6239,0.68
00881,3665,0.68
00881,4958,0.53
00881,2313,0.47
00891,2454,22.46
00891,2330,19.02
00891,2303,9.59
00891,3711,7.29
00891,3034,6.03
00891,2379,4.92
00891,3661,4.35
00891,3529,3.03
00891,6415,2.18
00891,2449,1.91
00891,3702,1.83
00891,6239,1.56
00891,5274,1.47
00891,5347,1.24
00891,5483,1.15
00891,3443,1.14
00891,3653,1.09
00891,6223,0.96
00891,6488,0.86
00891,3035,0.85
00891,5269,0.85
00891,4966,0.85
00891,3036,0.77
00891,6147,0.62
00891,3680,0.34
00891,6531,0.31
00891,3374,0.25
00891,2388,0.18
00891,6789,0.14
00891,6526,0.08
00892,2330,24.16
00892,2379,7.74
00892,2454,7.33
00892,3034,7.16
00892,3711,6.01
00892,3443,5.38
00892,3529,5.14
00892,5274,4.82
00892,6223,3.26
00892,3035,2.91
00892,5434,2.47
00892,2458,2.29
00892,3264,1.88
00892,3227,1.8
00892,6515,1.4
00892,3374,1.33
00892,3413,1.3
00892,8016,1.29
00892,3014,1.28
00892,1560,1.25
00892,2455,1.25
00892,3592,1.24
00892,6526,1.18
00892,3131,1.12
00892,4919,0.92
00892,8081,0.88
00892,2467,0.8
00892,2329,0.78
00892,6937,0.4
00892,6664,0.38
00894,2330,28.22
00894,2454,9.67
00894,2317,6.83
00894,2308,4.91
00894,2357,4.3
00894,2382,3.78
00894,2345,3.77
00894,3008,2.97
00894,2383,2.97
00894,2327,2.8
00894,8069,2.66
00894,3293,2.23
00894,3529,2.08
00894,3665,2.07
00894,6669,2.0
00894,3017,1.98
00894,3533,1.97
00894,6409,1.62
00894,5274,1.36
00894,6223,1.29
00894,3227,1.06
00894,3491,1.03
00894,3680,0.89
00894,3413,0.82
00894,1560,0.78
00894,6515,0.78
00894,3374,0.63
00894,6187,0.63
00894,3583,0.6
00894,6231,0.4
00896,2330,12.9
00896,2317,6.43
00896,2308,4.46
00896,2454,4.39
00896,2412,4.17
00896,3231,2.89
00896,2002,2.82
00896,1101,2.74
00896,3045,2.63
00896,2301,2.39
00896,1301,2.2
00896,5871,2.17
00896,2395,2.12
00896,4938,2.07
00896,2303,2.03
00896,3665,1.89
00896,2376,1.87
00896,1102,1.83
00896,1303,1.79
00896,2377,1.76
00896,3034,1.74
00896,3711,1.68
00896,2371,1.61
00896,2360,1.58
00896,6121,1.57
00896,2379,1.56
00896,2105,1.5
00896,6409,1.5
00896,1605,1.43
00896,1519,1.39
00896,3023,1.31
00896,5483,1.28
00896,1504,1.23
00896,1513,1.22
00896,2352,1.14
00896,3211,1.14
00896,3529,0.93
00896,1503,0.86
00896,3010,0.76
00896,6282,0.73
00896,3323,0.72
00896,5309,0.6
00896,1723,0.56
00896,3015,0.54
00896,5457,0.48
00896,4739,0.43
00896,8349,0.42
00896,6509,0.41
00896,8215,0.4
00896,5234,0.39
00900,3034,5.55
00900,2454,5.46
00900,2891,5.2
00900,2357,5.1
00900,2303,5.05
00900,2603,5.01
00900,2609,5.01
00900,2385,4.87
00900,2618,4.81
00900,6239,4.59
00900,3044,4.16
00900,8299,3.97
00900,3008,3.91
00900,2330,3.79
00900,2404,3.54
00900,6176,3.36
00900,2474,3.26
00900,6121,2.99
00900,1477,2.75
00900,2301,2.57
00900,6147,2.12
00900,2809,2.08
00900,6139,1.98
00900,2504,1.94
00900,2637,1.62
00900,2606,1.21
00900,2458,0.99
00900,4763,0.95
00900,4966,0.8
00900,3680,0.79
00901,2330,29.5
00901,2454,11.85
00901,2317,8.07
00901,2308,4.9
00901,2382,3.58
00901,2303,3.02
00901,3711,2.68
00901,2357,2.47
00901,3034,1.85
00901,2345,1.84
00901,3231,1.52
00901,2379,1.48
00901,3008,1.48
00901,8069,1.38
00901,2327,1.32
00901,1101,1.29
00901,2301,1.13
00901,2395,1.07
00901,6669,1.06
00901,2383,1.0
00901,4938,0.99
00901,3529,0.9
00901,1102,0.77
00901,3533,0.76
00901,2474,0.76
00901,2360,0.71
00901,3481,0.7
00901,3037,0.69
00901,2377,0.64
00901,6409,0.62
00901,1519,0.59
00901,3653,0.58
00901,2105,0.54
00901,5347,0.54
00901,1605,0.53
00901,3443,0.53
00901,2371,0.5
00901,2354,0.5
00901,6488,0.47
00901,6176,0.46
00901,2404,0.45
00901,1504,0.43
00901,5483,0.42
00901,6121,0.42
00901,1513,0.37
00901,3023,0.36
00901,1319,0.32
00901,2344,0.32
00901,1503,0.3
00901,6285,0.3
00904,2330,29.13
00904,2454,19.03
00904,2303,4.73
00904,3711,4.24
00904,3034,2.88
00904,2379,2.73
00904,6415,2.42
00904,3661,2.39
00904,3529,2.27
00904,2449,2.05
00904,5347,2.04
00904,8299,1.9
00904,3443,1.89
00904,5274,1.88
00904,5269,1.85
00904,6239,1.85
00904,6488,1.75
00904,5483,1.46
00904,2344,1.26
00904,6223,1.22
00904,3035,1.12
00904,6770,1.12
00904,2408,1.07
00904,4966,0.98
00904,2388,0.92
00904,4749,0.88
00904,6531,0.83
00904,6526,0.75
00904,6789,0.6
00904,3374,0.54
00905,2330,27.72
00905,2454,5.43
00905,2317,4.74
00905,2881,3.79
00905,2412,3.75
00905,2891,3.35
00905,2882,3.29
00905,2308,3.21
00905,2382,2.99
00905,2603,1.27
00905,2609,1.09
00905,3034,0.89
00905,2615,0.88
00905,8464,0.85
00905,2812,0.78
00905,2059,0.78
00905,9904,0.77
00905,2912,0.75
00905,2303,0.75
00905,1216,0.74
00905,2883,0.74
00905,2618,0.73
00905,3045,0.73
00905,3044,0.72
00905,4958,0.71
00905,2379,0.69
00905,6239,0.69
00905,3665,0.68
00905,6409,0.68
00905,2404,0.65
00905,8454,0.65
00905,1519,0.63
00905,1476,0.62
00905,4763,0.62
00905,6176,0.62
00905,2449,0.61
00905,3008,0.59
00905,3533,0.58
00905,1477,0.56
00905,1319,0.56
00905,2345,0.55
00905,2360,0.55
00905,3005,0.52
00905,3017,0.51
00905,3653,0.48
00905,1736,0.44
00905,6139,0.4
00905,2006,0.39
00905,1210,0.38
00905,5434,0.37
00905,2504,0.36
00905,6670,0.35
00905,2597,0.34
00905,3406,0.33
00905,4766,0.32
00905,2458,0.31
00905,6414,0.29
00905,4915,0.29
00905,2543,0.28
00905,3019,0.28
00905,6257,0.27
00905,2393,0.27
00905,2548,0.25
00905,2850,0.25
00905,3450,0.25
00905,6605,0.24
00905,2441,0.24
00905,8210,0.23
00905,6442,0.23
00905,1442,0.22
00905,2520,0.22
00905,6191,0.22
00905,6491,0.21
00905,3413,0.21
00905,3617,0.2
00905,2707,0.19
00905,5469,0.19
00905,3030,0.19
00905,3014,0.17
00905,8016,0.17
00905,2545,0.16
00905,3013,0.16
00905,2455,0.16
00905,1707,0.15
00905,8114,0.15
00905,3029,0.15
00905,9911,0.15
00905,2727,0.14
00905,8081,0.14
00905,1307,0.13
00905,1522,0.13
00905,1712,0.13
00905,6206,0.13
00905,5234,0.13
00905,1436,0.12
00905,2723,0.12
00905,3705,0.11
00905,6197,0.11
00905,2480,0.11
00905,1582,0.1
00905,2472,0.1
00905,6438,0.1
00905,1232,0.09
00905,1537,0.09
00905,5288,0.09
00905,2731,0.09
00905,6024,0.09
00905,2387,0.09
00905,3416,0.09
00905,9930,0.09
00905,2233,0.08
00905,1720,0.08
00905,2493,0.08
00905,6449,0.08
00905,6581,0.08
00905,9906,0.07
00905,9942,0.07
00905,1708,0.07
00905,6525,0.07
00905,2420,0.07
00905,9924,0.07
00905,4571,0.06
00905,1615,0.06
00905,3622,0.06
00905,5225,0.06
00905,1714,0.05
00905,4104,0.05
00905,6277,0.05
00905,8249,0.05
00907,2618,6.05
00907,2891,6.01
00907,2880,5.71
00907,2603,5.27
00907,2884,4.56
00907,2881,4.4
00907,2886,4.28
00907,2027,4.26
00907,2882,4.11
00907,5876,4.05
00907,2885,3.97
00907,1477,3.67
00907,1504,3.62
00907,2890,3.41
00907,2892,3.32
00907,2610,3.28
00907,2912,3.28
00907,2801,3.22
00907,2609,3.08
00907,9904,2.93
00907,1476,2.68
00907,5880,2.63
00907,9910,2.27
00907,1605,1.96
00907,2615,1.96
00907,2049,1.29
00907,1326,1.23
00907,2834,1.21
00907,1301,0.91
00907,1303,0.79
00912,2330,26.68
00912,2454,5.46
00912,2603,4.97
00912,2609,4.78
00912,2615,4.4
00912,2883,3.74
00912,2881,3.53
00912,3293,3.45
00912,2887,2.99
00912,2379,2.91
00912,3529,2.78
00912,2891,2.62
00912,3661,2.14
00912,2885,2.0
00912,2882,1.89
00912,2345,1.75
00912,1101,1.71
00912,2308,1.69
00912,4904,1.68
00912,2317,1.54
00912,2890,1.51
00912,2357,1.49
00912,2884,1.45
00912,8069,1.15
00912,3008,0.94
00912,5876,0.9
00912,3017,0.87
00912,2880,0.86
00912,2892,0.69
00912,2327,0.61
00912,3045,0.53
00912,1216,0.51
00912,2412,0.48
00912,6669,0.15
00912,5880,0.13
00912,1301,0.01
00912,1303,0.01
00912,2002,0.01
00912,2886,0.01
00912,6505,0.01
00912,2303,0.01
00913,2330,23.94
00913,2303,12.74
00913,2454,11.54
00913,3034,4.15
00913,5347,3.98
00913,2379,3.91
00913,5269,3.14
00913,3443,2.59
00913,1785,2.57
00913,3035,2.56
00913,3227,2.51
00913,3529,2.5
00913,2360,2.24
00913,5274,2.22
00913,6488,2.19
00913,5483,2.07
00913,6515,2.01
00913,3680,2.01
00913,3711,1.66
00913,2337,1.38
00913,5536,1.16
00913,2458,1.13
00913,4961,0.96
00913,5434,0.95
00913,1717,0.63
00913,6239,0.31
00913,6223,0.19
00913,6147,0.16
00913,6257,0.12
00913,3374,0.08
00915,2303,8.54
00915,2886,8.17
00915,2891,8.0
00915,5871,7.85
00915,2618,7.37
00915,6176,6.34
00915,3034,5.69
00915,2347,5.09
00915,2887,4.77
00915,6005,4.71
00915,3042,3.71
00915,9941,3.65
00915,6278,3.61
00915,2809,3.11
00915,5009,3.06
00915,2377,2.03
00915,2393,1.97
00915,3596,1.71
00915,5483,1.62
00915,3264,1.59
00915,3592,1.37
00915,6488,0.77
00915,2206,0.59
00915,5388,0.59
00915,8454,0.58
00915,3023,0.56
00915,6257,0.55
00915,5434,0.5
00915,9910,0.5
00915,2458,0.48
00918,2603,7.83
00918,2303,6.91
00918,3034,6.15
00918,2891,5.86
00918,2357,5.61
00918,2886,5.48
00918,2474,5.18
00918,2618,4.67
00918,2382,4.43
00918,5871,4.42
00918,2379,4.35
00918,1102,4.16
00918,2801,3.4
00918,3702,3.21
00918,3044,3.2
00918,2353,2.71
00918,8299,2.69
00918,6176,2.43
00918,2610,2.32
00918,2404,2.13
00918,5483,2.13
00918,6488,2.11
00918,6121,1.91
00918,1477,1.82
00918,2504,1.34
00918,1504,1.28
00918,1319,0.75
00918,4763,0.74
00918,9917,0.38
00918,9941,0.17
00919,2303,10.39
00919,2603,10.38
00919,2891,9.94
00919,2454,9.56
00919,3034,8.73
00919,2618,6.35
00919,5347,4.66
00919,8299,2.75
00919,6239,2.53
00919,6176,2.33
00919,6121,1.92
00919,2606,1.58
00919,2809,1.58
00919,2404,1.57
00919,5522,1.56
00919,6005,1.56
00919,2637,1.52
00919,5904,1.45
00919,2504,1.39
00919,2889,1.31
00919,2451,1.17
00919,4915,1.06
00919,2393,1.03
00919,6691,1.02
00919,6278,0.9
00919,1442,0.87
00919,5508,0.87
00919,8112,0.79
00919,3592,0.66
00919,2348,0.64
00921,1102,3.51
00921,1810,3.42
00921,2206,3.28
00921,2006,3.26
00921,2105,3.22
00921,1590,3.18
00921,2454,3.16
00921,2404,3.16
00921,8464,3.16
00921,1402,3.15
00921,6505,3.15
00921,5871,3.14
00921,2347,3.13
00921,6873,3.09
00921,2603,3.08
00921,1216,3.06
00921,2727,3.04
00921,1907,3.02
00921,2912,3.01
00921,3008,2.98
00921,1609,2.94
00921,4763,2.94
00921,2881,2.93
00921,6472,2.88
00921,1303,2.87
00921,9910,2.75
00921,2330,2.74
00921,2308,2.73
00921,6214,2.67
00921,6689,2.64
00921,2504,2.52
00921,2382,2.52
00921,2345,2.48
00922,2330,28.76
00922,2454,6.53
00922,2317,5.29
00922,2308,3.05
00922,2881,2.51
00922,2891,2.43
00922,2382,2.2
00922,2882,2.18
00922,2357,1.79
00922,2303,1.73
00922,3711,1.73
00922,2412,1.68
00922,2886,1.61
00922,2884,1.59
00922,2345,1.47
00922,1216,1.43
00922,2885,1.43
00922,3034,1.33
00922,2883,1.27
00922,2002,1.26
00922,5871,1.22
00922,2892,1.16
00922,2207,1.14
00922,2379,1.13
00922,3661,1.11
00922,5880,1.1
00922,2603,1.08
00922,3008,1.05
00922,8069,1.05
00922,2888,1.04
00922,2887,1.03
00922,2395,1.01
00922,3231,1.01
00922,5876,1.0
00922,2301,1.0
00922,3045,0.99
00922,2327,0.91
00922,6669,0.88
00922,4904,0.87
00922,1101,0.86
00922,4938,0.81
00922,3293,0.81
00922,2912,0.8
00922,2324,0.73
00922,3529,0.72
00922,6415,0.71
00922,2376,0.7
00922,3017,0.7
00922,6409,0.66
00922,3037,0.57
00923,2330,27.51
00923,2454,10.88
00923,2303,7.15
00923,2379,6.57
00923,3711,6.48
00923,3034,6.19
00923,2317,4.3
00923,2881,2.1
00923,2308,1.84
00923,2891,1.75
00923,2412,1.56
00923,2382,1.5
00923,2882,1.49
00923,2886,1.13
00923,2884,1.1
00923,2357,1.1
00923,2885,1.06
00923,1216,0.92
00923,2345,0.81
00923,2892,0.74
00923,2880,0.7
00923,3045,0.67
00923,2890,0.66
00923,3231,0.66
00923,2207,0.64
00923,5880,0.63
00923,4904,0.57
00923,2327,0.55
00923,2887,0.51
00923,2301,0.49
00923,2395,0.45
00923,6669,0.44
00923,5876,0.43
00923,5871,0.43
00923,4938,0.41
00923,2801,0.36
00923,2324,0.36
00923,3017,0.35
00923,2912,0.34
00923,2356,0.31
00923,2376,0.31
00923,3533,0.31
00923,1402,0.3
00923,3037,0.29
00923,6446,0.27
00923,2377,0.26
00923,2360,0.26
00923,6409,0.25
00923,9904,0.23
00923,3665,0.22
00927,2454,14.24
00927,2330,13.44
00927,2303,9.24
00927,3034,6.68
00927,3711,6.07
00927,2379,4.17
00927,5347,3.8
00927,6488,3.43
00927,8299,3.25
00927,6239,2.62
00927,5483,2.4
00927,3264,2.35
00927,6147,2.26
00927,3661,2.23
00927,2451,2.19
00927,2449,1.84
00927,2458,1.82
00927,5269,1.71
00927,6257,1.65
00927,8150,1.54
00927,3014,1.52
00927,8016,1.5
00927,3260,1.46
00927,3592,1.32
00927,3413,1.27
00927,4961,1.23
00927,6531,1.19
00927,4966,1.19
00927,3227,1.15
00927,6223,0.95
00929,2454,9.71
00929,2303,9.09
00929,3045,8.82
00929,3711,8.35
00929,3034,6.74
00929,4904,6.74
00929,4938,4.54
00929,2301,4.33
00929,5347,3.2
00929,2474,2.89
00929,2385,2.59
00929,2347,2.42
00929,2353,2.19
00929,2449,2.17
00929,3702,2.11
00929,3044,2.09
00929,6239,1.88
00929,2404,1.76
00929,6176,1.69
00929,3005,1.41
00929,6121,1.39
00929,5483,1.38
00929,6285,1.37
00929,3596,1.0
00929,6147,0.98
00929,6414,0.78
00929,4915,0.78
00929,2393,0.73
00929,3264,0.73
00929,5388,0.7
00929,3042,0.63
00929,6278,0.62
00929,6191,0.61
00929,8112,0.57
00929,3010,0.51
00929,4961,0.47
00929,3014,0.46
00929,8016,0.46
00929,6269,0.39
00929,6189,0.29
00930,2880,6.48
00930,2891,6.17
00930,3034,5.7
00930,2454,5.45
00930,6121,5.37
00930,2303,5.35
00930,2884,5.13
00930,2886,4.82
00930,2409,4.68
00930,2881,4.67
00930,2412,4.6
00930,6176,4.5
00930,5871,3.93
00930,6147,3.83
00930,8112,3.68
00930,2382,3.23
00930,2317,2.7
00930,2809,2.56
00930,3014,2.13
00930,2204,2.01
00930,3033,1.87
00930,6269,1.6
00930,2903,1.33
00930,2855,1.18
00930,8422,0.72
00930,8163,0.65
00930,3015,0.64
00930,1712,0.63
00930,8271,0.59
00930,6613,0.52
00930,9924,0.39
00930,1535,0.37
00930,6023,0.34
00930,6803,0.32
00930,9940,0.3
00930,8916,0.29
00930,6024,0.23
00930,4126,0.2
00930,3038,0.17
00930,5209,0.17
00932,3264,2.71
00932,6670,2.64
00932,2606,2.55
00932,2520,2.46
00932,8436,2.35
00932,2379,2.32
00932,2454,2.32
00932,3034,2.26
00932,1102,2.19
00932,6147,2.17
00932,2002,2.16
00932,2014,2.16
00932,3015,2.16
00932,1712,2.15
00932,3014,2.15
00932,6278,2.15
00932,5371,2.14
00932,2451,2.12
00932,6257,2.08
00932,3592,2.07
00932,9924,2.07
00932,5522,2.04
00932,3033,2.03
00932,2458,2.01
00932,3703,2.0
00932,2006,1.99
00932,6176,1.98
00932,5347,1.98
00932,6790,1.97
00932,3711,1.95
00932,6024,1.91
00932,2303,1.83
00932,8016,1.79
00932,3042,1.76
00932,3702,1.74
00932,3357,1.74
00932,8215,1.73
00932,8150,1.71
00932,2409,1.71
00932,3010,1.71
00932,1308,1.7
00932,6269,1.7
00932,2352,1.66
00932,3545,1.63
00932,8046,1.59
00932,1301,1.58
00932,6182,1.53
00932,1303,1.5
00932,6732,1.47
00932,1326,1.41
00934,2454,8.45
00934,3034,7.62
00934,3293,6.83
00934,2357,5.58
00934,6176,4.83
00934,1216,4.35
00934,5871,3.84
00934,2404,3.66
00934,2385,3.19
00934,6239,3.18
00934,8299,3.12
00934,4763,3.05
00934,2327,2.86
00934,1477,2.54
00934,2458,2.39
00934,2347,2.38
00934,6121,2.17
00934,6488,2.0
00934,2548,1.87
00934,5483,1.86
00934,5904,1.57
00934,3023,1.53
00934,2915,1.48
00934,8046,1.43
00934,8016,1.4
00934,5434,1.29
00934,4961,1.21
00934,6412,1.21
00934,5508,1.18
00934,8454,1.03
00934,6285,0.62
00934,2637,0.56
00934,2451,0.52
00934,6147,0.52
00934,3044,0.51
00934,6139,0.51
00934,2206,0.5
00934,3711,0.5
00934,2006,0.49
00934,2912,0.48
00934,2377,0.48
00934,2474,0.48
00934,9917,0.45
00934,2382,0.45
00934,9910,0.44
00934,2303,0.43
00934,5347,0.41
00934,9941,0.4
00934,8112,0.39
00934,2211,0.38
00935,2330,29.4
00935,2454,17.54
00935,2308,6.35
00935,2303,4.36
00935,3711,3.84
00935,3034,2.67
00935,2345,2.65
00935,3231,2.2
00935,2379,2.14
00935,2327,1.9
00935,2301,1.63
00935,3293,1.53
00935,3529,1.29
00935,3017,1.24
00935,3533,1.09
00935,2356,1.08
00935,6415,1.06
00935,3037,0.99
00935,2360,0.92
00935,3653,0.84
00935,2449,0.82
00935,5347,0.77
00935,5274,0.74
00935,6239,0.71
00935,3665,0.71
00935,5269,0.69
00935,6488,0.68
00935,4958,0.55
00935,2368,0.54
00935,5483,0.54
00935,2313,0.49
00935,2344,0.46
00935,3023,0.46
00935,6223,0.45
00935,6285,0.43
00935,2352,0.42
00935,6147,0.37
00935,3105,0.33
00935,2388,0.32
00935,3324,0.32
00935,2458,0.31
00935,2492,0.28
00935,3680,0.25
00935,1560,0.21
00935,3189,0.19
00935,6789,0.19
00935,3374,0.19
00935,6187,0.17
00935,6412,0.15
00935,6548,0.13
00935,2337,0.0
00935,3035,0.0
00935,3661,0.0
00935,4919,0.0
00935,4961,0.0
00935,6271,0.0
00935,6531,0.0
00935,6770,0.0
00935,8016,0.0
00935,6269,0.0
00935,6282,0.0
00935,3264,0.0
00935,4966,0.0
00936,8299,5.1
00936,2474,4.62
00936,2385,4.52
00936,6239,4.37
00936,2606,4.11
00936,3005,3.93
00936,6005,3.89
00936,1477,3.74
00936,6139,3.67
00936,5347,3.66
00936,6176,3.65
00936,6147,3.61
00936,3702,3.54
00936,2809,3.51
00936,1402,3.42
00936,5871,3.33
00936,6274,3.3
00936,2376,3.16
00936,2618,3.15
00936,2204,3.12
00936,1513,3.06
00936,2353,2.9
00936,2451,2.89
00936,2889,2.84
00936,8112,2.73
00936,2006,2.65
00936,6412,1.82
00936,5522,1.76
00936,2855,1.67
00936,5903,0.64
00938,2881,16.45
00938,2891,13.52
00938,2882,11.61
00938,2303,10.12
00938,2885,8.06
00938,2883,6.28
00938,2890,6.04
00938,2618,4.06
00938,5871,3.86
00938,9904,2.11
00938,2347,2.05
00938,2610,1.8
00938,5483,1.43
00938,6005,1.18
00938,2206,1.04
00938,2809,1.03
00938,6670,0.97
00938,1210,0.92
00938,2006,0.76
00938,6257,0.61
00938,2451,0.54
00938,2393,0.46
00938,2850,0.39
00938,3264,0.39
00938,9933,0.38
00938,8016,0.35
00938,3010,0.35
00938,2441,0.34
00938,2855,0.32
00938,2897,0.32
00939,2412,7.05
00939,3045,7.02
00939,4904,6.79
00939,2884,6.28
00939,1216,6.27
00939,2603,6.25
00939,2618,6.07
00939,3293,4.61
00939,3711,4.28
00939,3665,4.09
00939,2303,3.5
00939,5347,3.35
00939,1402,3.17
00939,2105,2.9
00939,4938,2.85
00939,3034,2.46
00939,6176,2.44
00939,2404,2.25
00939,3596,2.09
00939,2606,1.53
00939,2637,1.31
00939,6139,1.31
00939,1319,1.27
00939,2449,1.22
00939,1504,0.89
00939,5871,0.66
00939,5876,0.58
00939,4915,0.55
00939,3044,0.54
00939,6285,0.52
00939,2385,0.52
00939,2347,0.51
00939,3264,0.51
00939,2204,0.46
00939,3702,0.46
00939,6414,0.45
00939,6239,0.44
00939,3042,0.42
00939,8112,0.42
00939,2211,0.3
00940,2603,6.62
00940,2618,4.24
00940,3034,3.79
00940,2357,3.64
00940,2891,3.58
00940,2474,3.44
00940,2454,3.23
00940,2385,3.22
00940,2610,3.2
00940,2303,2.95
00940,2379,2.79
00940,8299,2.5
00940,4938,2.35
00940,3044,2.33
00940,2892,2.3
00940,6488,2.28
00940,1504,2.27
00940,1402,2.21
00940,2890,2.12
00940,6239,2.09
00940,2382,2.09
00940,9904,2.05
00940,3702,2.04
00940,2347,1.97
00940,5483,1.96
00940,1319,1.95
00940,3293,1.81
00940,2881,1.76
00940,3711,1.69
00940,2404,1.57
00940,6285,1.5
00940,2458,1.46
00940,3036,1.44
00940,2915,1.29
00940,3406,1.28
00940,6176,1.13
00940,6257,0.98
00940,3376,0.96
00940,4915,0.94
00940,6414,0.91
00940,2439,0.9
00940,2504,0.81
00940,3264,0.76
00940,2834,0.71
00940,2393,0.63
00940,3413,0.58
00940,4961,0.56
00940,3042,0.54
00940,2548,0.46
00940,6278,0.37
00943,2474,2.36
00943,3034,2.34
00943,2385,2.34
00943,5289,2.34
00943,2451,2.24
00943,3209,2.24
00943,4915,2.23
00943,2454,2.16
00943,2303,2.14
00943,6239,2.14
00943,6147,2.14
00943,2379,2.11
00943,6278,2.11
00943,6691,2.11
00943,5347,2.11
00943,6261,2.07
00943,6613,2.05
00943,2347,2.03
00943,3033,2.03
00943,3090,2.02
00943,3014,2.01
00943,2387,2.01
00943,6121,2.0
00943,6146,2.0
00943,8081,1.99
00943,6176,1.98
00943,8016,1.96
00943,5471,1.95
00943,8050,1.95
00943,8150,1.93
00943,6269,1.93
00943,2420,1.92
00943,8046,1.89
00943,3592,1.86
00943,3357,1.86
00943,3702,1.85
00943,3042,1.84
00943,4938,1.83
00943,8358,1.83
00943,8261,1.8
00943,8163,1.8
00943,8112,1.78
00943,3211,1.77
00943,8070,1.73
00943,4961,1.71
00943,2352,1.67
00943,3010,1.64
00943,3455,1.62
00943,3545,1.59
00943,6732,1.44
00944,2603,3.1
00944,2404,2.96
00944,2357,2.77
00944,2880,2.67
00944,5536,2.62
00944,2606,2.61
00944,2891,2.55
00944,4763,2.55
00944,2637,2.43
00944,1102,2.41
00944,1402,2.4
00944,2886,2.4
00944,2454,2.37
00944,6005,2.33
00944,2801,2.32
00944,6670,2.3
00944,2885,2.28
00944,6274,2.26
00944,2206,2.25
00944,3034,2.25
00944,2393,2.19
00944,2474,2.18
00944,3045,2.16
00944,4904,2.14
00944,2633,2.13
00944,1216,2.11
00944,6176,2.11
00944,6147,2.11
00944,5904,1.98
00944,2882,1.96
00944,2324,1.96
00944,5434,1.95
00944,3042,1.94
00944,6691,1.91
00944,3211,1.91
00944,1722,1.81
00944,6214,1.79
00944,1210,1.71
00944,2006,1.71
00944,9938,1.69
00944,9933,1.43
00944,2850,1.1
00944,2855,1.02
00944,2328,1.0
00944,2607,0.89
00944,1707,0.8
00944,2897,0.79
00944,1215,0.78
00944,8422,0.76
00944,4105,0.64
00944,1104,0.0
00944,1477,0.0
00944,2211,0.0
00944,2105,0.0
00944,2890,0.0
00944,2903,0.0
00944,2915,0.0
00944,9917,0.0
00944,9939,0.0
00944,1712,0.0
00944,1723,0.0
00944,2303,0.0
00944,2379,0.0
00944,2441,0.0
00944,2458,0.0
00944,3014,0.0
00944,3413,0.0
00944,3532,0.0
00944,3711,0.0
00944,6239,0.0
00944,6257,0.0
00944,8016,0.0
00944,8150,0.0
00944,3005,0.0
00944,4938,0.0
00944,6278,0.0
00944,2385,0.0
00944,3376,0.0
00944,4915,0.0
00944,5469,0.0
00944,6191,0.0
00944,6269,0.0
00944,2347,0.0
00944,3010,0.0
00944,8070,0.0
00944,8112,0.0
00944,6139,0.0
00944,3264,0.0
00944,5347,0.0
00944,5483,0.0
00944,6182,0.0
00944,6121,0.0
00944,1785,0.0
00944,3293,0.0
00946,3034,9.95
00946,2454,9.83
00946,8299,8.59
00946,2303,8.53
00946,5347,7.52
00946,6488,4.69
00946,2385,3.93
00946,2404,3.74
00946,2474,3.67
00946,6176,3.05
00946,3702,3.0
00946,5483,2.99
00946,6121,2.58
00946,3264,2.15
00946,6239,1.84
00946,4915,1.74
00946,6191,1.59
00946,3014,1.52
00946,8112,1.19
00946,3592,1.03
00946,2458,1.01
00946,3033,0.89
00946,8016,0.77
00946,8150,0.75
00946,6412,0.7
00946,5289,0.66
00946,8081,0.63
00946,3596,0.62
00946,2393,0.6
00946,2439,0.59
00946,2412,0.53
00946,3045,0.52
00946,6139,0.52
00946,4904,0.51
00946,1582,0.51
00946,3023,0.51
00946,3044,0.51
00946,2347,0.5
00946,3526,0.49
00946,6214,0.48
00946,4938,0.45
00946,3022,0.43
00946,3042,0.42
00946,4906,0.41
00946,2441,0.4
00946,4961,0.39
00946,3532,0.36
00946,8163,0.33
00946,3090,0.3
00946,6146,0.27
00947,2454,10.46
00947,3034,10.21
00947,3661,9.23
00947,2308,9.07
00947,2379,8.93
00947,3529,6.22
00947,5269,4.44
00947,6415,4.07
00947,5274,3.67
00947,3443,3.33
00947,8299,2.25
00947,4966,2.13
00947,3227,1.8
00947,3035,1.74
00947,6526,1.74
00947,6531,1.41
00947,2363,1.27
00947,3592,1.24
00947,3014,1.19
00947,2388,1.17
00947,2458,1.04
00947,6533,0.82
00947,3545,0.8
00947,6104,0.79
00947,4968,0.75
00947,4961,0.74
00947,8081,0.71
00947,6719,0.66
00947,2401,0.61
00947,8016,0.61
00947,6462,0.48
00947,6202,0.46
00947,8261,0.37
00947,2436,0.22
00947,2344,0.15
00947,2337,0.13
00947,6962,0.13
00947,6679,0.13
00947,6138,0.12
00947,2408,0.11
00947,3006,0.11
00947,3228,0.11
00947,3530,0.1
00947,5351,0.1
00947,6411,0.1
00947,4919,0.09
00947,6756,0.09
00947,6732,0.09
00947,6643,0.08
00947,8054,0.08
00952,2303,4.26
00952,2308,4.03
00952,2301,3.91
00952,2330,3.72
00952,4938,3.72
00952,2324,3.71
00952,3231,3.64
00952,6669,3.4
00952,3529,3.36
00952,2382,3.35
00952,2383,2.8
00952,6285,2.72
00952,5269,2.41
00952,2451,2.34
00952,6274,2.23
00952,3023,2.18
00952,6526,2.12
00952,3665,1.96
00952,2376,1.9
00952,2356,1.87
00952,5434,1.86
00952,6531,1.85
00952,3078,1.81
00952,3706,1.79
00952,2352,1.72
00952,4933,1.63
00952,2388,1.58
00952,2328,1.55
00952,3088,1.51
00952,5388,1.43
00952,6196,1.37
00952,3169,1.31
00952,3032,1.29
00952,5289,1.22
00952,6672,1.19
00952,4755,1.15
00952,8086,1.06
00952,3260,1.02
00952,3051,1.01
00952,3380,1.0
00952,2421,0.97
00952,2420,0.95
00952,3015,0.95
00952,6561,0.92
00952,4739,0.91
00952,3006,0.9
00952,4721,0.9
00952,8215,0.8
00952,2495,0.79
00952,2323,0.78
00961,3034,5.09
00961,6121,4.67
00961,2303,4.57
00961,2474,4.46
00961,6239,3.94
00961,2385,3.92
00961,2344,3.87
00961,5876,3.65
00961,5347,3.65
00961,2454,3.63
00961,6176,3.6
00961,1102,3.57
00961,1477,3.55
00961,5871,3.53
00961,2884,3.35
00961,3044,3.22
00961,2603,3.09
00961,2618,2.95
00961,2412,2.85
00961,3702,2.81
00961,2353,2.78
00961,2301,2.7
00961,2347,2.63
00961,4938,2.62
00961,2105,2.53
00961,1216,2.33
00961,1402,2.24
00961,8046,2.17
00961,3293,2.16
00961,6488,2.02
00962,2357,8.99
00962,3231,5.52
00962,2376,4.92
00962,2454,4.6
00962,2449,4.37
00962,6669,3.67
00962,2377,3.62
00962,1590,3.53
00962,4904,3.52
00962,2317,3.43
00962,2356,3.1
00962,4966,2.94
00962,3706,2.81
00962,2301,2.53
00962,5536,2.46
00962,2458,2.38
00962,1504,2.18
00962,2395,1.99
00962,2353,1.83
00962,2439,1.81
00962,5347,1.81
00962,6414,1.8
00962,3034,1.74
00962,2352,1.72
00962,5371,1.53
00962,5388,1.45
00962,2201,1.42
00962,2421,1.42
00962,6214,1.11
00962,3029,1.02
00962,3264,1.0
00962,6412,0.97
00962,6561,0.91
00962,8150,0.83
00962,4919,0.77
00962,6285,0.77
00962,3515,0.76
00962,3059,0.66
00962,9917,0.62
00962,4977,0.49
00962,2441,0.48
00962,6284,0.48
00962,3380,0.46
00962,6763,0.44
00962,6263,0.41
00962,2495,0.39
00962,3455,0.35
00962,3552,0.32
00962,5478,0.2
00962,4953,0.18
009802,2454,16.04
009802,2881,5.48
009802,2891,5.39
009802,2308,4.81
009802,2303,4.62
009802,2603,4.37
009802,2357,4.36
009802,2882,4.05
009802,2885,3.16
009802,2884,3.03
009802,2883,2.96
009802,3711,2.72
009802,2395,2.51
009802,1216,2.43
009802,3231,2.37
009802,1303,2.2
009802,6505,2.09
009802,3044,2.07
009802,1319,1.81
009802,6414,1.62
009802,9939,1.58
009802,4763,1.48
009802,3105,1.47
009802,2327,1.39
009802,2385,1.34
009802,9904,1.33
009802,3036,1.31
009802,2324,1.13
009802,2474,1.09
009802,2834,1.02
009802,6274,0.94
009802,3680,0.9
009802,9914,0.75
009802,1210,0.7
009802,1402,0.66
009802,5880,0.65
009802,2458,0.43
009802,6005,0.4
009802,6670,0.25
009802,1102,0.14
009802,1504,0.06
009802,9917,0.06
009802,5434,0.06
009802,9945,0.05
009802,1795,0.05
009802,3189,0.05
009802,6531,0.05
009802,3406,0.05
009802,8046,0.05
009802,2354,0.05
009803,2330,29.23
009803,2454,8.31
009803,2317,7.58
009803,2881,5.45
009803,2308,3.48
009803,2882,3.38
009803,2618,2.55
009803,2345,2.5
009803,2382,2.28
009803,2891,2.24
009803,2357,2.24
009803,2603,2.2
009803,2886,1.99
009803,3665,1.88
009803,4763,1.84
009803,2610,1.62
009803,2360,1.61
009803,2404,1.48
009803,2449,1.45
009803,8464,1.45
009803,3045,1.37
009803,2059,1.36
009803,9904,1.28
009803,3711,1.16
009803,6515,1.1
009803,6472,0.81
009803,2609,0.75
009803,2504,0.7
009803,3008,0.65
009803,5434,0.64
009803,3231,0.61
009803,6670,0.59
009803,2383,0.57
009803,3533,0.38
009803,6409,0.17
009803,5269,0.1
009803,6669,0.09
009803,2379,0.03
009803,3034,0.03
009803,2327,0.03
009803,3017,0.02
009803,3406,0.02
009803,2890,0.01
009803,2376,0.01
009803,4938,0.01
009803,6176,0.01
009803,2385,0.01
009803,3044,0.01
009803,2347,0.01
009803,3036,0.01
